_id,CH_SYMBOL,CH_SERIES,CH_MARKET_TYPE,CH_TIMESTAMP,TIMESTAMP,CH_TRADE_HIGH_PRICE,CH_TRADE_LOW_PRICE,CH_OPENING_PRICE,CH_CLOSING_PRICE,CH_LAST_TRADED_PRICE,CH_PREVIOUS_CLS_PRICE,CH_TOT_TRADED_QTY,CH_TOT_TRADED_VAL,CH_52WEEK_HIGH_PRICE,CH_52WEEK_LOW_PRICE,CH_TOTAL_TRADES,CH_ISIN,createdAt,updatedAt,__v,SLBMH_TOT_VAL,VWAP,mTIMESTAMP
65e9ac7f00d1fb4fc05be256,RELIANCE,EQ,N,2024-03-07,2024-03-06T18:30:00.000Z,3006.2,2951.1,3005.95,2957.85,2957.0,3006.0,4157863,12362839422.1,3024.9,2220.3,195070,INE002A01018,2024-03-07T12:01:03.575Z,2024-03-07T12:01:03.575Z,0,,2973.36,07-Mar-2024
65e85aff3d619fdb6b8a19b9,RELIANCE,EQ,N,2024-03-06,2024-03-05T18:30:00.000Z,3018.0,2957.0,2986.9,3006.0,3002.85,3000.4,3902838,11674786490.95,3024.9,2220.3,205634,INE002A01018,2024-03-06T12:01:03.114Z,2024-03-06T12:01:03.114Z,0,,2991.36,06-Mar-2024
65e7097fa0e4c105af47e2f9,RELIANCE,EQ,N,2024-03-05,2024-03-04T18:30:00.000Z,3014.8,2972.1,3011.55,3000.4,2996.0,3014.8,3553834,10634836947.9,3024.9,2220.3,213477,INE002A01018,2024-03-05T12:01:03.531Z,2024-03-05T12:01:03.531Z,0,,2992.5,05-Mar-2024
65e5b7ffb33976f8b974ccab,RELIANCE,EQ,N,2024-03-04,2024-03-03T18:30:00.000Z,3024.9,2974.45,2980.95,3014.8,3010.0,2982.15,5012210,15056320911.1,3024.9,2220.3,240680,INE002A01018,2024-03-04T12:01:03.142Z,2024-03-04T12:01:03.142Z,0,,3003.93,04-Mar-2024
65e3a21042d7e8ee3d2e7d6b,RELIANCE,EQ,N,2024-03-02,2024-03-01T18:30:00.000Z,3000.9,2976.0,2984.0,2982.15,2980.95,2984.25,358150,1070743614.7,3000.9,2220.3,18856,INE002A01018,2024-03-02T22:02:56.114Z,2024-03-02T22:02:56.114Z,0,,2989.65,02-Mar-2024
65e1c37e5c02be27622f9776,RELIANCE,EQ,N,2024-03-01,2024-02-29T18:30:00.000Z,3000.0,2925.0,2927.0,2984.25,2977.0,2921.6,6066463,17998957520.55,3000.0,2220.3,272154,INE002A01018,2024-03-01T12:01:02.669Z,2024-03-01T12:01:02.669Z,0,,2966.96,01-Mar-2024
65e071ff7c9755759afcfa05,RELIANCE,EQ,N,2024-02-29,2024-02-28T18:30:00.000Z,2957.95,2909.05,2930.0,2921.6,2930.75,2911.25,11814488,34582493286.65,2999.9,2220.3,298691,INE002A01018,2024-02-29T12:01:03.390Z,2024-02-29T12:01:03.390Z,0,,2927.13,29-Feb-2024
65df207fb16cbb57800ee933,RELIANCE,EQ,N,2024-02-28,2024-02-27T18:30:00.000Z,2982.55,2900.35,2966.0,2911.25,2915.0,2971.3,4323975,12673607274.5,2999.9,2220.3,216192,INE002A01018,2024-02-28T12:01:03.200Z,2024-02-28T12:01:03.200Z,0,,2931.01,28-Feb-2024
65ddceff3610846fc2bdf213,RELIANCE,EQ,N,2024-02-27,2024-02-26T18:30:00.000Z,2999.9,2956.1,2966.05,2971.3,2971.0,2974.65,5413022,16100408443.55,2999.9,2220.3,197414,INE002A01018,2024-02-27T12:01:03.216Z,2024-02-27T12:01:03.216Z,0,,2974.38,27-Feb-2024
65dc7d7f5707e970d05a9e33,RELIANCE,EQ,N,2024-02-26,2024-02-25T18:30:00.000Z,2989.05,2965.0,2987.1,2974.65,2975.1,2987.25,3756553,11173163735.6,2995.1,2220.3,141799,INE002A01018,2024-02-26T12:01:03.034Z,2024-02-26T12:01:03.034Z,0,,2974.31,26-Feb-2024
65d888fe36a4e86c36fe694a,RELIANCE,EQ,N,2024-02-23,2024-02-22T18:30:00.000Z,2995.1,2966.7,2979.0,2987.25,2986.55,2963.5,7219292,21534840027.25,2995.1,2220.3,255210,INE002A01018,2024-02-23T12:01:02.943Z,2024-02-23T12:01:02.943Z,0,,2982.96,23-Feb-2024
65d7377f26ea36bd1309796e,RELIANCE,EQ,N,2024-02-22,2024-02-21T18:30:00.000Z,2969.9,2916.0,2936.3,2963.5,2962.2,2935.4,9246864,27228762576.2,2977.05,2220.3,273105,INE002A01018,2024-02-22T12:01:03.920Z,2024-02-22T12:01:03.920Z,0,,2944.65,22-Feb-2024
65d5e5ffab8622318b86df03,RELIANCE,EQ,N,2024-02-21,2024-02-20T18:30:00.000Z,2977.05,2915.1,2948.0,2935.4,2932.05,2942.05,6360146,18757966311.65,2977.05,2220.3,289896,INE002A01018,2024-02-21T12:01:03.325Z,2024-02-21T12:01:03.325Z,0,,2949.3,21-Feb-2024
65d4947fd2da93536de5321f,RELIANCE,EQ,N,2024-02-20,2024-02-19T18:30:00.000Z,2951.0,2923.6,2950.05,2942.05,2941.45,2948.0,3558748,10452264180.75,2969.45,2220.3,172812,INE002A01018,2024-02-20T12:01:03.096Z,2024-02-20T12:01:03.096Z,0,,2937.06,20-Feb-2024
65d3a6e02affe4de647d7bd8,RELIANCE,EQ,N,2024-02-19,2024-02-18T18:30:00.000Z,2959.0,2907.05,2924.1,2948.0,2940.0,2921.15,3364914,9874395305.15,2969.45,2220.3,143935,INE002A01018,2024-02-19T19:07:12.870Z,2024-02-19T19:07:12.870Z,0,,2934.52,19-Feb-2024
65cf4e7e2c2e3f1498b009a5,RELIANCE,EQ,N,2024-02-16,2024-02-15T18:30:00.000Z,2954.0,2917.1,2952.95,2921.15,2925.0,2941.2,4883749,14319775078.35,2969.45,2220.3,170212,INE002A01018,2024-02-16T12:01:02.515Z,2024-02-16T12:01:02.515Z,0,,2932.13,16-Feb-2024
65cdfcffa24787a92a80e13f,RELIANCE,EQ,N,2024-02-15,2024-02-14T18:30:00.000Z,2969.45,2933.05,2966.7,2941.2,2944.5,2962.75,5003391,14740128065.85,2969.45,2220.3,236768,INE002A01018,2024-02-15T12:01:03.395Z,2024-02-15T12:01:03.395Z,0,,2946.03,15-Feb-2024
65ccab7e114f0fc8e2192200,RELIANCE,EQ,N,2024-02-14,2024-02-13T18:30:00.000Z,2967.3,2915.0,2915.0,2962.75,2963.6,2930.2,3558944,10476084977.75,2967.3,2220.3,200869,INE002A01018,2024-02-14T12:01:02.940Z,2024-02-14T12:01:02.940Z,0,,2943.59,14-Feb-2024
65cb59ff3328eca8adc587a3,RELIANCE,EQ,N,2024-02-13,2024-02-12T18:30:00.000Z,2958.0,2908.0,2911.0,2930.2,2926.2,2904.7,3857797,11321554002.65,2958.0,2220.3,178755,INE002A01018,2024-02-13T12:01:03.115Z,2024-02-13T12:01:03.115Z,0,,2934.72,13-Feb-2024
65ca087f1de075c7ebe8133b,RELIANCE,EQ,N,2024-02-12,2024-02-11T18:30:00.000Z,2922.0,2884.7,2921.5,2904.7,2904.0,2921.5,3337215,9680050427.5,2949.8,2220.3,170350,INE002A01018,2024-02-12T12:01:03.297Z,2024-02-12T12:01:03.297Z,0,,2900.64,12-Feb-2024
65c613ffb16d2a11203bce11,RELIANCE,EQ,N,2024-02-09,2024-02-08T18:30:00.000Z,2943.95,2901.9,2908.0,2921.5,2917.3,2900.25,6278399,18360429342.9,2949.8,2220.3,248252,INE002A01018,2024-02-09T12:01:03.413Z,2024-02-09T12:01:03.413Z,0,,2924.38,09-Feb-2024
65c4c27f57e8417d003e2848,RELIANCE,EQ,N,2024-02-08,2024-02-07T18:30:00.000Z,2918.95,2855.05,2900.0,2900.25,2916.0,2884.3,7347317,21181603384.9,2949.8,2220.3,320055,INE002A01018,2024-02-08T12:01:03.342Z,2024-02-08T12:01:03.342Z,0,,2882.9,08-Feb-2024
65c370ff06bf92bcaaeaab88,RELIANCE,EQ,N,2024-02-07,2024-02-06T18:30:00.000Z,2899.0,2858.5,2871.85,2884.3,2885.0,2855.6,4648284,13368650630.75,2949.8,2220.3,228951,INE002A01018,2024-02-07T12:01:03.069Z,2024-02-07T12:01:03.069Z,0,,2876.04,07-Feb-2024
65c21f7f9de3721407c0b7ac,RELIANCE,EQ,N,2024-02-06,2024-02-05T18:30:00.000Z,2883.7,2839.65,2883.7,2855.6,2854.75,2878.05,4523992,12936328247.7,2949.8,2220.3,240512,INE002A01018,2024-02-06T12:01:03.449Z,2024-02-06T12:01:03.449Z,0,,2859.49,06-Feb-2024
65c0cdff4238a31bd0d85950,RELIANCE,EQ,N,2024-02-05,2024-02-04T18:30:00.000Z,2941.0,2863.05,2921.5,2878.05,2879.45,2915.4,4407216,12813104310.25,2949.8,2220.3,197343,INE002A01018,2024-02-05T12:01:03.554Z,2024-02-05T12:01:03.554Z,0,,2907.3,05-Feb-2024
65bcd9812c9fdc9586dc564c,RELIANCE,EQ,N,2024-02-02,2024-02-01T18:30:00.000Z,2949.8,2866.35,2866.35,2915.4,2913.0,2853.3,9826294,28628319858.85,2949.8,2220.3,420949,INE002A01018,2024-02-02T12:01:05.375Z,2024-02-02T12:01:05.375Z,0,,2913.44,02-Feb-2024
65bb87ff0cfb80e0be80920e,RELIANCE,EQ,N,2024-02-01,2024-01-31T18:30:00.000Z,2886.7,2836.1,2870.0,2853.3,2851.5,2853.25,6674681,19075409129.85,2919.95,2220.3,259110,INE002A01018,2024-02-01T12:01:03.444Z,2024-02-01T12:01:03.444Z,0,,2857.88,01-Feb-2024
65ba367e77ad05184c68e949,RELIANCE,EQ,N,2024-01-31,2024-01-30T18:30:00.000Z,2868.5,2805.0,2808.0,2853.25,2850.0,2815.25,7565113,21545402809.0,2919.95,2220.3,343623,INE002A01018,2024-01-31T12:01:02.637Z,2024-01-31T12:01:02.637Z,0,,2847.99,31-Jan-2024
65b8e4fe11b384b5b95b0800,RELIANCE,EQ,N,2024-01-30,2024-01-29T18:30:00.000Z,2919.95,2808.85,2919.9,2815.25,2818.25,2896.1,7046989,20114536190.8,2919.95,2220.3,314728,INE002A01018,2024-01-30T12:01:02.919Z,2024-01-30T12:01:02.919Z,0,,2854.34,30-Jan-2024
65b7937f973fc28b34e1fb31,RELIANCE,EQ,N,2024-01-29,2024-01-28T18:30:00.000Z,2905.0,2720.35,2729.0,2896.1,2890.1,2706.15,11946719,33955652629.4,2905.0,2220.3,464414,INE002A01018,2024-01-29T12:01:03.430Z,2024-01-29T12:01:03.430Z,0,,2842.26,29-Jan-2024
65b24d7e44a9da0c3c0d693e,RELIANCE,EQ,N,2024-01-25,2024-01-24T18:30:00.000Z,2728.3,2670.4,2685.9,2706.15,2711.0,2687.75,5904436,15924681035.8,2792.9,2220.3,199408,INE002A01018,2024-01-25T12:01:02.492Z,2024-01-25T12:01:02.492Z,0,,2697.07,25-Jan-2024
65b0fbfffd857037aa41fd4f,RELIANCE,EQ,N,2024-01-24,2024-01-23T18:30:00.000Z,2699.0,2647.85,2670.45,2687.75,2694.9,2657.15,10959564,29199812068.1,2792.9,2220.3,253093,INE002A01018,2024-01-24T12:01:03.349Z,2024-01-24T12:01:03.349Z,0,,2664.32,24-Jan-2024
65afaa7e4c36d9af342c4677,RELIANCE,EQ,N,2024-01-23,2024-01-22T18:30:00.000Z,2743.5,2645.1,2743.5,2657.15,2656.75,2713.3,10027710,26823081585.3,2792.9,2220.3,337484,INE002A01018,2024-01-23T12:01:02.616Z,2024-01-23T12:01:02.616Z,0,,2674.9,23-Jan-2024
65abbaae54ac362a3a379191,RELIANCE,EQ,N,2024-01-20,2024-01-19T18:30:00.000Z,2766.95,2700.0,2730.0,2713.3,2716.0,2734.9,3641697,9957110928.55,2792.9,2220.3,128579,INE002A01018,2024-01-20T12:21:02.900Z,2024-01-20T12:21:02.900Z,0,,2734.2,20-Jan-2024
65aa64babe73653a7dde15ba,RELIANCE,EQ,N,2024-01-19,2024-01-18T18:30:00.000Z,2752.0,2718.0,2752.0,2734.9,2736.45,2735.9,5211352,14238941782.6,2792.9,2220.3,275902,INE002A01018,2024-01-19T12:02:02.531Z,2024-01-19T12:02:02.531Z,0,,2732.29,19-Jan-2024
65a912ffc00916544b66ce16,RELIANCE,EQ,N,2024-01-18,2024-01-17T18:30:00.000Z,2742.0,2702.5,2702.8,2735.9,2734.75,2723.15,5139719,14005371079.55,2792.9,2220.3,253448,INE002A01018,2024-01-18T12:01:03.133Z,2024-01-18T12:01:03.133Z,0,,2724.93,18-Jan-2024
65a7c17f3b001ae2ee2bb980,RELIANCE,EQ,N,2024-01-17,2024-01-16T18:30:00.000Z,2772.55,2710.05,2719.0,2723.15,2723.5,2749.25,6098691,16702784157.5,2792.9,2220.3,312203,INE002A01018,2024-01-17T12:01:03.349Z,2024-01-17T12:01:03.349Z,0,,2738.75,17-Jan-2024
65a66ffe0dc89412fb13d305,RELIANCE,EQ,N,2024-01-16,2024-01-15T18:30:00.000Z,2792.6,2741.0,2779.95,2749.25,2746.8,2788.25,4534512,12563673259.4,2792.9,2220.3,235619,INE002A01018,2024-01-16T12:01:02.901Z,2024-01-16T12:01:02.901Z,0,,2770.68,16-Jan-2024
65a5232f39449708844562dd,RELIANCE,EQ,N,2024-01-15,2024-01-14T18:30:00.000Z,2792.9,2732.0,2750.0,2788.25,2786.0,2741.45,4305297,11920219926.15,2792.9,2220.3,237252,INE002A01018,2024-01-15T12:21:03.697Z,2024-01-15T12:21:03.697Z,0,,2768.73,15-Jan-2024
65a129feae79d4199d80cec6,RELIANCE,EQ,N,2024-01-12,2024-01-11T18:30:00.000Z,2746.65,2691.5,2719.8,2741.45,2740.5,2719.8,7506082,20487745085.4,2746.65,2220.3,434055,INE002A01018,2024-01-12T12:01:02.675Z,2024-01-12T12:01:02.675Z,0,,2729.49,12-Jan-2024
659fd87fb9681b704da723df,RELIANCE,EQ,N,2024-01-11,2024-01-10T18:30:00.000Z,2725.0,2657.0,2659.0,2719.8,2716.0,2650.1,11862926,31979289599.9,2725.0,2220.3,581952,INE002A01018,2024-01-11T12:01:03.407Z,2024-01-11T12:01:03.407Z,0,,2695.73,11-Jan-2024
659e86feb7e812fb4027f234,RELIANCE,EQ,N,2024-01-10,2024-01-09T18:30:00.000Z,2659.0,2575.05,2577.0,2650.1,2655.0,2580.5,5551370,14526742701.55,2659.0,2220.3,179441,INE002A01018,2024-01-10T12:01:02.595Z,2024-01-10T12:01:02.595Z,0,,2616.79,10-Jan-2024
659d357e84db3a7aed27d7b3,RELIANCE,EQ,N,2024-01-09,2024-01-08T18:30:00.000Z,2606.8,2577.2,2600.0,2580.5,2580.5,2587.35,2701537,7003571441.95,2634.0,2220.3,130706,INE002A01018,2024-01-09T12:01:02.786Z,2024-01-09T12:01:02.786Z,0,,2592.44,09-Jan-2024
659be3ffea621d7958ff2f71,RELIANCE,EQ,N,2024-01-08,2024-01-07T18:30:00.000Z,2631.95,2568.95,2610.0,2587.35,2586.0,2607.7,3867326,10057168474.15,2634.0,2220.3,171169,INE002A01018,2024-01-08T12:01:03.501Z,2024-01-08T12:01:03.501Z,0,,2600.55,08-Jan-2024
6597ef7ec10efb305b158e99,RELIANCE,EQ,N,2024-01-05,2024-01-04T18:30:00.000Z,2619.85,2598.0,2602.9,2607.7,2609.0,2596.65,4043203,10539886698.05,2634.0,2220.3,211413,INE002A01018,2024-01-05T12:01:02.831Z,2024-01-05T12:01:02.831Z,0,,2606.82,05-Jan-2024
65969dff05e0b9eee7e863fc,RELIANCE,EQ,N,2024-01-04,2024-01-03T18:30:00.000Z,2609.85,2579.1,2588.0,2596.65,2600.0,2583.3,4806389,12483971502.55,2634.0,2220.3,267185,INE002A01018,2024-01-04T12:01:03.190Z,2024-01-04T12:01:03.190Z,0,,2597.37,04-Jan-2024
65954c7f5fafc6a4b205ee0a,RELIANCE,EQ,N,2024-01-03,2024-01-02T18:30:00.000Z,2634.0,2577.2,2610.0,2583.3,2580.75,2611.7,4518768,11778006447.25,2634.0,2220.3,198303,INE002A01018,2024-01-03T12:01:03.596Z,2024-01-03T12:01:03.596Z,0,,2606.46,03-Jan-2024
6593fafe477df5351421c35b,RELIANCE,EQ,N,2024-01-02,2024-01-01T18:30:00.000Z,2615.0,2573.0,2585.0,2611.7,2609.0,2590.25,3724400,9671331567.5,2630.95,2220.3,175872,INE002A01018,2024-01-02T12:01:02.967Z,2024-01-02T12:01:02.967Z,0,,2596.75,02-Jan-2024
6592a97fd65750cefa0ecb16,RELIANCE,EQ,N,2024-01-01,2023-12-31T18:30:00.000Z,2606.85,2573.15,2580.55,2590.25,2588.45,2584.95,2015270,5215808110.05,2630.95,2220.3,115559,INE002A01018,2024-01-01T12:01:03.033Z,2024-01-01T12:01:03.033Z,0,,2588.14,01-Jan-2024
663e0c7f46d2e958942fda8f,RELIANCE,EQ,N,2024-05-10,2024-05-09T18:30:00.000Z,2820.0,2776.15,2793.5,2814.85,2808.0,2788.25,5252548,14711341390.8,3024.9,2220.3,238752,INE002A01018,2024-05-10T12:01:04.001Z,2024-05-10T12:01:04.001Z,0,,2800.8,10-May-2024
663cbafe8d5f264dda5c656f,RELIANCE,EQ,N,2024-05-09,2024-05-08T18:30:00.000Z,2847.5,2780.0,2826.0,2788.25,2785.0,2837.1,5504806,15417256016.7,3024.9,2220.3,280459,INE002A01018,2024-05-09T12:01:02.835Z,2024-05-09T12:01:02.835Z,0,,2800.69,09-May-2024
663b697fb05680891c26c411,RELIANCE,EQ,N,2024-05-08,2024-05-07T18:30:00.000Z,2865.9,2795.0,2795.0,2837.1,2834.25,2802.95,4719501,13378380314.55,3024.9,2220.3,191054,INE002A01018,2024-05-08T12:01:03.869Z,2024-05-08T12:01:03.869Z,0,,2834.7,08-May-2024
663a17ff9ab26689805f76c1,RELIANCE,EQ,N,2024-05-07,2024-05-06T18:30:00.000Z,2841.5,2784.0,2831.95,2802.95,2808.0,2839.05,7258736,20356596310.45,3024.9,2220.3,308242,INE002A01018,2024-05-07T12:01:03.072Z,2024-05-07T12:01:03.072Z,0,,2804.43,07-May-2024
6638c67e2aa5517ac06e8aea,RELIANCE,EQ,N,2024-05-06,2024-05-05T18:30:00.000Z,2880.0,2836.0,2871.0,2839.05,2843.4,2868.0,3697104,10543411394.4,3024.9,2220.3,168077,INE002A01018,2024-05-06T12:01:02.684Z,2024-05-06T12:01:02.684Z,0,,2851.8,06-May-2024
6634d1ff7e95cfc3299422a1,RELIANCE,EQ,N,2024-05-03,2024-05-02T18:30:00.000Z,2949.9,2832.3,2942.0,2868.0,2871.0,2933.1,8613479,24774710139.9,3024.9,2220.3,358280,INE002A01018,2024-05-03T12:01:03.131Z,2024-05-03T12:01:03.131Z,0,,2876.27,03-May-2024
6633807e069784076a1ea1a6,RELIANCE,EQ,N,2024-05-02,2024-05-01T18:30:00.000Z,2954.65,2928.25,2944.0,2933.1,2938.1,2934.0,7256323,21342518418.9,3024.9,2220.3,306721,INE002A01018,2024-05-02T12:01:02.959Z,2024-05-02T12:01:02.959Z,0,,2941.23,02-May-2024
6630dd7e18fd57b32c09594f,RELIANCE,EQ,N,2024-04-30,2024-04-29T18:30:00.000Z,2966.15,2925.75,2936.0,2934.0,2932.0,2930.05,5737131,16910777825.2,3024.9,2220.3,210901,INE002A01018,2024-04-30T12:01:02.931Z,2024-04-30T12:01:02.931Z,0,,2947.6,30-Apr-2024
662f8bfea718ef6e64ada936,RELIANCE,EQ,N,2024-04-29,2024-04-28T18:30:00.000Z,2935.8,2900.0,2900.0,2930.05,2927.5,2905.1,3623987,10605875230.6,3024.9,2220.3,158806,INE002A01018,2024-04-29T12:01:02.767Z,2024-04-29T12:01:02.767Z,0,,2926.58,29-Apr-2024
662b977f40972443336d0255,RELIANCE,EQ,N,2024-04-26,2024-04-25T18:30:00.000Z,2930.0,2900.0,2927.9,2905.1,2908.5,2919.95,4706924,13705873642.8,3024.9,2220.3,208164,INE002A01018,2024-04-26T12:01:03.188Z,2024-04-26T12:01:03.188Z,0,,2911.85,26-Apr-2024
662a540eda3da72635f9f6f3,RELIANCE,EQ,N,2024-04-25,2024-04-24T18:30:00.000Z,2935.95,2883.0,2885.0,2919.95,2917.7,2900.35,7971963,23235272655.3,3024.9,2220.3,236911,INE002A01018,2024-04-25T13:01:02.647Z,2024-04-25T13:01:02.647Z,0,,2914.62,25-Apr-2024
6628f47e484668d54028411c,RELIANCE,EQ,N,2024-04-24,2024-04-23T18:30:00.000Z,2937.1,2899.0,2927.0,2900.35,2901.45,2918.65,5231388,15264581699.05,3024.9,2220.3,186848,INE002A01018,2024-04-24T12:01:02.627Z,2024-04-24T12:01:02.627Z,0,,2917.88,24-Apr-2024
6627a2ffc30b657d08d4ef67,RELIANCE,EQ,N,2024-04-23,2024-04-22T18:30:00.000Z,2987.0,2911.1,2958.0,2918.65,2919.5,2959.7,7302777,21503128837.35,3024.9,2220.3,339439,INE002A01018,2024-04-23T12:01:03.348Z,2024-04-23T12:01:03.348Z,0,,2944.51,23-Apr-2024
66266b463ca1b5ca42ce40db,RELIANCE,EQ,N,2024-04-22,2024-04-21T18:30:00.000Z,2965.65,2935.6,2944.9,2959.7,2962.9,2940.25,5175181,15271348793.5,3024.9,2220.3,163758,INE002A01018,2024-04-22T13:51:02.977Z,2024-04-22T13:51:02.977Z,0,,2950.88,22-Apr-2024
66225cfe1b4000b71af6e2b4,RELIANCE,EQ,N,2024-04-19,2024-04-18T18:30:00.000Z,2948.0,2886.05,2913.55,2940.25,2943.05,2928.65,7870889,23004385019.15,3024.9,2220.3,257506,INE002A01018,2024-04-19T12:01:02.450Z,2024-04-19T12:01:02.450Z,0,,2922.72,19-Apr-2024
66210b7fa94db012a3794c5d,RELIANCE,EQ,N,2024-04-18,2024-04-17T18:30:00.000Z,2972.0,2918.7,2927.0,2928.65,2925.0,2931.5,9502846,27941531144.35,3024.9,2220.3,292105,INE002A01018,2024-04-18T12:01:03.895Z,2024-04-18T12:01:03.895Z,0,,2940.33,18-Apr-2024
661e687f1dd04788b5e09602,RELIANCE,EQ,N,2024-04-16,2024-04-15T18:30:00.000Z,2942.35,2901.85,2906.7,2931.5,2936.5,2929.65,4683092,13687564159.45,3024.9,2220.3,202013,INE002A01018,2024-04-16T12:01:03.563Z,2024-04-16T12:01:03.563Z,0,,2922.76,16-Apr-2024
661d34fbc3116cad9970a144,RELIANCE,EQ,N,2024-04-15,2024-04-14T18:30:00.000Z,2964.25,2892.65,2922.0,2929.65,2931.0,2934.3,6451031,18949808687.3,3024.9,2220.3,278625,INE002A01018,2024-04-15T14:08:59.616Z,2024-04-15T14:08:59.616Z,0,,2937.49,15-Apr-2024
661cd1f41759eab7fdcc03e7,RELIANCE,EQ,N,2024-04-12,2024-04-11T18:30:00.000Z,2972.95,2926.15,2951.75,2934.3,2937.15,2959.15,7775506,22944647360.8,3024.9,2220.3,318190,INE002A01018,2024-04-15T07:06:28.816Z,2024-04-15T07:06:28.816Z,0,,2950.89,12-Apr-2024
66167f7ee8b5eef20dd1eea6,RELIANCE,EQ,N,2024-04-10,2024-04-09T18:30:00.000Z,2974.0,2932.7,2932.7,2959.15,2955.0,2927.3,4569165,13508781489.15,3024.9,2220.3,247782,INE002A01018,2024-04-10T12:01:02.819Z,2024-04-10T12:01:02.819Z,0,,2956.51,10-Apr-2024
66152dffd3e56b678bffc9cd,RELIANCE,EQ,N,2024-04-09,2024-04-08T18:30:00.000Z,2979.6,2925.0,2978.0,2927.3,2931.9,2971.95,3535707,10402378582.0,3024.9,2220.3,166238,INE002A01018,2024-04-09T12:01:03.412Z,2024-04-09T12:01:03.412Z,0,,2942.09,09-Apr-2024
6613dc7fa9889c42a7170576,RELIANCE,EQ,N,2024-04-08,2024-04-07T18:30:00.000Z,2981.95,2922.0,2925.95,2971.95,2970.0,2920.2,4178559,12400963621.65,3024.9,2220.3,144054,INE002A01018,2024-04-08T12:01:03.511Z,2024-04-08T12:01:03.511Z,0,,2967.76,08-Apr-2024
660fe7ffdd3becae6bbedceb,RELIANCE,EQ,N,2024-04-05,2024-04-04T18:30:00.000Z,2941.6,2912.0,2921.75,2920.2,2925.95,2925.85,3721149,10884250027.9,3024.9,2220.3,138742,INE002A01018,2024-04-05T12:01:03.854Z,2024-04-05T12:01:03.854Z,0,,2924.97,05-Apr-2024
660e96805b7d313102eb06cd,RELIANCE,EQ,N,2024-04-04,2024-04-03T18:30:00.000Z,2959.5,2900.0,2959.5,2925.85,2931.0,2943.2,7245136,21187769929.5,3024.9,2220.3,305593,INE002A01018,2024-04-04T12:01:04.236Z,2024-04-04T12:01:04.236Z,0,,2924.41,04-Apr-2024
660d4500e93745abdbf52635,RELIANCE,EQ,N,2024-04-03,2024-04-02T18:30:00.000Z,2968.9,2937.8,2964.15,2943.2,2944.95,2973.9,3504146,10340431852.2,3024.9,2220.3,152022,INE002A01018,2024-04-03T12:01:04.250Z,2024-04-03T12:01:04.250Z,0,,2950.91,03-Apr-2024
660bf380f7e1ee6c9dc35a5f,RELIANCE,EQ,N,2024-04-02,2024-04-01T18:30:00.000Z,2988.0,2950.0,2968.0,2973.9,2977.0,2969.55,4455083,13207726108.3,3024.9,2220.3,144866,INE002A01018,2024-04-02T12:01:04.126Z,2024-04-02T12:01:04.126Z,0,,2964.64,02-Apr-2024
660aa1ff41fa55a2bf7d8edd,RELIANCE,EQ,N,2024-04-01,2024-03-31T18:30:00.000Z,2987.95,2965.0,2984.95,2969.55,2974.8,2971.7,2506940,7455079986.05,3024.9,2220.3,128873,INE002A01018,2024-04-01T12:01:03.939Z,2024-04-01T12:01:03.939Z,0,,2973.78,01-Apr-2024
66055bffefb4b6a6c1a50ba8,RELIANCE,EQ,N,2024-03-28,2024-03-27T18:30:00.000Z,3011.9,2957.3,2985.75,2971.7,2970.3,2985.7,10927182,32659243942.2,3024.9,2220.3,289271,INE002A01018,2024-03-28T12:01:03.159Z,2024-03-28T12:01:03.159Z,0,,2988.81,28-Mar-2024
66040cd79f25a30f219d367c,RELIANCE,EQ,N,2024-03-27,2024-03-26T18:30:00.000Z,3000.0,2894.0,2896.0,2985.7,2983.75,2883.15,8163322,24262983466.45,3024.9,2220.3,299800,INE002A01018,2024-03-27T12:11:03.167Z,2024-03-27T12:11:03.167Z,0,,2972.19,27-Mar-2024
6602db37d9e78bbf1140133c,RELIANCE,EQ,N,2024-03-26,2024-03-25T18:30:00.000Z,2904.8,2878.0,2890.0,2883.15,2886.7,2910.05,5707953,16480430505.15,3024.9,2220.3,174805,INE002A01018,2024-03-26T14:27:03.084Z,2024-03-26T14:27:03.084Z,0,,2887.28,26-Mar-2024
65fd72ffeaeb514865379c25,RELIANCE,EQ,N,2024-03-22,2024-03-21T18:30:00.000Z,2920.0,2894.7,2899.95,2910.05,2906.55,2901.95,9763804,28408677998.2,3024.9,2220.3,286746,INE002A01018,2024-03-22T12:01:03.160Z,2024-03-22T12:01:03.160Z,0,,2909.59,22-Mar-2024
65fc217f6db2d5c9a6b5cc41,RELIANCE,EQ,N,2024-03-21,2024-03-20T18:30:00.000Z,2915.8,2889.35,2905.05,2901.95,2900.05,2887.5,6503468,18882974161.4,3024.9,2220.3,244846,INE002A01018,2024-03-21T12:01:03.306Z,2024-03-21T12:01:03.306Z,0,,2903.52,21-Mar-2024
65facfffcf5221fc299a3e3a,RELIANCE,EQ,N,2024-03-20,2024-03-19T18:30:00.000Z,2890.0,2848.05,2855.9,2887.5,2886.25,2850.5,4244403,12200651007.8,3024.9,2220.3,208132,INE002A01018,2024-03-20T12:01:03.054Z,2024-03-20T12:01:03.054Z,0,,2874.53,20-Mar-2024
65f97e7f9d54172e54339a2f,RELIANCE,EQ,N,2024-03-19,2024-03-18T18:30:00.000Z,2875.2,2834.5,2857.5,2850.5,2849.15,2878.95,4137882,11787973196.45,3024.9,2220.3,196658,INE002A01018,2024-03-19T12:01:03.245Z,2024-03-19T12:01:03.245Z,0,,2848.79,19-Mar-2024
65f82cff14748b2422170a01,RELIANCE,EQ,N,2024-03-18,2024-03-17T18:30:00.000Z,2883.45,2833.05,2840.0,2878.95,2874.0,2836.45,4584696,13103538361.45,3024.9,2220.3,228224,INE002A01018,2024-03-18T12:01:03.559Z,2024-03-18T12:01:03.559Z,0,,2858.1,18-Mar-2024
65f4387fefaa46581de62a69,RELIANCE,EQ,N,2024-03-15,2024-03-14T18:30:00.000Z,2866.45,2825.8,2851.9,2836.45,2838.0,2862.95,9611909,27294538070.95,3024.9,2220.3,249827,INE002A01018,2024-03-15T12:01:03.018Z,2024-03-15T12:01:03.018Z,0,,2839.66,15-Mar-2024
65f2e6ff8643f48501bb3dba,RELIANCE,EQ,N,2024-03-14,2024-03-13T18:30:00.000Z,2897.05,2851.0,2879.4,2862.95,2870.0,2864.35,9285551,26659495810.0,3024.9,2220.3,343017,INE002A01018,2024-03-14T12:01:03.574Z,2024-03-14T12:01:03.574Z,0,,2871.07,14-Mar-2024
65f195800cab811b84ac17a1,RELIANCE,EQ,N,2024-03-13,2024-03-12T18:30:00.000Z,2966.2,2855.55,2959.55,2864.35,2873.2,2950.85,6761067,19539320816.8,3024.9,2220.3,255973,INE002A01018,2024-03-13T12:01:04.075Z,2024-03-13T12:01:04.075Z,0,,2889.98,13-Mar-2024
65f043ff9c231513c216c54c,RELIANCE,EQ,N,2024-03-12,2024-03-11T18:30:00.000Z,2976.0,2930.05,2933.2,2950.85,2953.5,2933.2,4716339,13943814809.4,3024.9,2220.3,178946,INE002A01018,2024-03-12T12:01:03.516Z,2024-03-12T12:01:03.516Z,0,,2956.49,12-Mar-2024
65ef07c95fe223d9a6566383,RELIANCE,EQ,N,2024-03-11,2024-03-10T18:30:00.000Z,2978.0,2927.0,2978.0,2933.2,2928.0,2957.85,5638565,16634894693.1,3024.9,2220.3,255615,INE002A01018,2024-03-11T13:31:53.975Z,2024-03-11T13:31:53.975Z,0,,2950.2,11-Mar-2024
669660fe902d6e072e74ee38,RELIANCE,EQ,N,2024-07-16,2024-07-15T18:30:00.000Z,3200.0,3138.25,3187.0,3152.5,3148.3,3194.45,4693419,14859548266.1,3217.6,2220.3,230262,INE002A01018,2024-07-16T12:01:02.765Z,2024-07-16T12:01:02.765Z,0,,3166.04,16-Jul-2024
66950f7f93c207e10b0f269a,RELIANCE,EQ,N,2024-07-15,2024-07-14T18:30:00.000Z,3211.7,3171.0,3208.9,3194.45,3193.6,3193.45,2664844,8504591755.0,3217.6,2220.3,187867,INE002A01018,2024-07-15T12:01:03.924Z,2024-07-15T12:01:03.924Z,0,,3191.4,15-Jul-2024
66911ade3a4b669eacb4a7a3,RELIANCE,EQ,N,2024-07-12,2024-07-11T18:30:00.000Z,3210.3,3149.0,3169.0,3193.45,3195.0,3161.3,6462392,20589634191.2,3217.6,2220.3,246838,INE002A01018,2024-07-12T12:00:30.905Z,2024-07-12T12:00:30.905Z,0,,3186.07,12-Jul-2024
668fc97f6e6d235d4f1ea9bf,RELIANCE,EQ,N,2024-07-11,2024-07-10T18:30:00.000Z,3208.5,3141.0,3175.0,3161.3,3170.0,3168.45,5970473,18924071474.55,3217.6,2220.3,246252,INE002A01018,2024-07-11T12:01:03.849Z,2024-07-11T12:01:03.849Z,0,,3169.61,11-Jul-2024
668e77de044ff9e38eb5298b,RELIANCE,EQ,N,2024-07-10,2024-07-09T18:30:00.000Z,3195.0,3126.3,3190.0,3168.45,3164.0,3180.55,3567289,11253968347.05,3217.6,2220.3,182113,INE002A01018,2024-07-10T12:00:30.688Z,2024-07-10T12:00:30.688Z,0,,3154.77,10-Jul-2024
668d26658c1b4f7c2834fc78,RELIANCE,EQ,N,2024-07-09,2024-07-08T18:30:00.000Z,3201.0,3161.0,3195.2,3180.55,3176.3,3201.8,3480001,11061403124.6,3217.6,2220.3,159638,INE002A01018,2024-07-09T12:00:37.455Z,2024-07-09T12:00:37.455Z,0,,3178.56,09-Jul-2024
668bd4de201aada30b649171,RELIANCE,EQ,N,2024-07-08,2024-07-07T18:30:00.000Z,3217.6,3165.05,3178.0,3201.8,3201.5,3177.25,4750403,15181479272.55,3217.6,2220.3,240527,INE002A01018,2024-07-08T12:00:30.139Z,2024-07-08T12:00:30.139Z,0,,3195.83,08-Jul-2024
6687e0bb006e2dd8bd3e4d5b,RELIANCE,EQ,N,2024-07-05,2024-07-04T18:30:00.000Z,3197.0,3096.0,3107.65,3177.25,3189.9,3108.05,6134855,19323716027.9,3197.0,2220.3,261494,INE002A01018,2024-07-05T12:02:03.696Z,2024-07-05T12:02:03.696Z,0,,3149.82,05-Jul-2024
66868efe4efe695e05cc9bf0,RELIANCE,EQ,N,2024-07-04,2024-07-03T18:30:00.000Z,3135.0,3101.6,3114.0,3108.05,3106.0,3104.85,3418588,10655715706.45,3162.0,2220.3,173336,INE002A01018,2024-07-04T12:01:02.705Z,2024-07-04T12:01:02.705Z,0,,3116.99,04-Jul-2024
66853d5e1e94102a9bdfc84b,RELIANCE,EQ,N,2024-07-03,2024-07-02T18:30:00.000Z,3150.0,3085.55,3132.65,3104.85,3109.0,3130.35,4524810,14049406822.65,3162.0,2220.3,185754,INE002A01018,2024-07-03T12:00:30.201Z,2024-07-03T12:00:30.201Z,0,,3104.97,03-Jul-2024
6683ebff3a128b5ea63d08ac,RELIANCE,EQ,N,2024-07-02,2024-07-01T18:30:00.000Z,3147.0,3114.0,3139.0,3130.35,3126.2,3120.3,3874623,12126429929.15,3162.0,2220.3,179115,INE002A01018,2024-07-02T12:01:03.488Z,2024-07-02T12:01:03.488Z,0,,3129.71,02-Jul-2024
66829a621902e1e411887e57,RELIANCE,EQ,N,2024-07-01,2024-06-30T18:30:00.000Z,3158.8,3111.35,3125.05,3120.3,3123.0,3130.8,3862153,12075137299.45,3162.0,2220.3,186641,INE002A01018,2024-07-01T12:00:34.377Z,2024-07-01T12:00:34.377Z,0,,3126.53,01-Jul-2024
667ea5ffea8757884feeb77c,RELIANCE,EQ,N,2024-06-28,2024-06-27T18:30:00.000Z,3162.0,3062.05,3062.05,3130.8,3128.25,3061.1,14478668,45180850345.25,3162.0,2220.3,484009,INE002A01018,2024-06-28T12:01:03.457Z,2024-06-28T12:01:03.457Z,0,,3120.51,28-Jun-2024
667d5462b3b58bd7a2b075ce,RELIANCE,EQ,N,2024-06-27,2024-06-26T18:30:00.000Z,3075.0,3012.0,3027.5,3061.1,3057.1,3028.05,14191515,43383260604.4,3075.0,2220.3,437882,INE002A01018,2024-06-27T12:00:34.271Z,2024-06-27T12:00:34.271Z,0,,3056.99,27-Jun-2024
667c02df4af4410a6a25128f,RELIANCE,EQ,N,2024-06-26,2024-06-25T18:30:00.000Z,3037.95,2890.25,2892.1,3028.05,3021.1,2908.3,11007441,32850999298.6,3037.95,2220.3,355204,INE002A01018,2024-06-26T12:00:31.796Z,2024-06-26T12:00:31.796Z,0,,2984.44,26-Jun-2024
667ab17e0347712cb6f2667c,RELIANCE,EQ,N,2024-06-25,2024-06-24T18:30:00.000Z,2911.85,2882.0,2886.0,2908.3,2905.05,2882.95,3522693,10205907632.15,3029.0,2220.3,143772,INE002A01018,2024-06-25T12:01:02.885Z,2024-06-25T12:01:02.885Z,0,,2897.19,25-Jun-2024
66795fe2386c742929d816e5,RELIANCE,EQ,N,2024-06-24,2024-06-23T18:30:00.000Z,2899.0,2875.0,2891.05,2882.95,2885.0,2908.4,4439193,12809105423.85,3029.0,2220.3,204050,INE002A01018,2024-06-24T12:00:34.264Z,2024-06-24T12:00:34.264Z,0,,2885.46,24-Jun-2024
66756b7f2b4d0bb89aba652f,RELIANCE,EQ,N,2024-06-21,2024-06-20T18:30:00.000Z,2949.4,2881.15,2947.25,2908.4,2912.0,2947.4,15585180,45339357875.0,3029.0,2220.3,338377,INE002A01018,2024-06-21T12:01:03.102Z,2024-06-21T12:01:03.102Z,0,,2909.13,21-Jun-2024
66741a00d1879aabb556c47b,RELIANCE,EQ,N,2024-06-20,2024-06-19T18:30:00.000Z,2965.7,2900.2,2918.0,2947.4,2949.0,2917.3,8056888,23732484114.9,3029.0,2220.3,219372,INE002A01018,2024-06-20T12:01:04.025Z,2024-06-20T12:01:04.025Z,0,,2945.61,20-Jun-2024
6672c862f63cf1c477afe4d4,RELIANCE,EQ,N,2024-06-19,2024-06-18T18:30:00.000Z,2975.0,2912.0,2975.0,2917.3,2917.0,2962.05,4362937,12806397074.45,3029.0,2220.3,181800,INE002A01018,2024-06-19T12:00:34.500Z,2024-06-19T12:00:34.500Z,0,,2935.27,19-Jun-2024
667176ffca874446a01b7519,RELIANCE,EQ,N,2024-06-18,2024-06-17T18:30:00.000Z,2974.8,2942.7,2974.7,2962.05,2959.9,2955.1,3598383,10640238520.1,3029.0,2220.3,228749,INE002A01018,2024-06-18T12:01:03.797Z,2024-06-18T12:01:03.797Z,0,,2956.95,18-Jun-2024
666c30df45638033163be75c,RELIANCE,EQ,N,2024-06-14,2024-06-13T18:30:00.000Z,2959.35,2914.45,2940.0,2955.1,2951.45,2930.5,4078999,12009735003.5,3029.0,2220.3,150934,INE002A01018,2024-06-14T12:00:31.652Z,2024-06-14T12:00:31.652Z,0,,2944.28,14-Jun-2024
666adf620679151efa7f6389,RELIANCE,EQ,N,2024-06-13,2024-06-12T18:30:00.000Z,2944.5,2920.2,2944.0,2930.5,2927.6,2926.65,4590580,13461977299.9,3029.0,2220.3,150823,INE002A01018,2024-06-13T12:00:34.324Z,2024-06-13T12:00:34.324Z,0,,2932.52,13-Jun-2024
66698de129b7c9e0e892282f,RELIANCE,EQ,N,2024-06-12,2024-06-11T18:30:00.000Z,2952.0,2910.35,2915.0,2926.65,2924.5,2913.35,5040871,14789562953.35,3029.0,2220.3,194907,INE002A01018,2024-06-12T12:00:33.639Z,2024-06-12T12:00:33.639Z,0,,2933.93,12-Jun-2024
66683c5f65f4e9327f36ff68,RELIANCE,EQ,N,2024-06-11,2024-06-10T18:30:00.000Z,2947.35,2909.35,2938.0,2913.35,2915.05,2942.8,5887451,17235309310.25,3029.0,2220.3,210257,INE002A01018,2024-06-11T12:00:31.650Z,2024-06-11T12:00:31.650Z,0,,2927.47,11-Jun-2024
6666eae185a79e4320afcfff,RELIANCE,EQ,N,2024-06-10,2024-06-09T18:30:00.000Z,2986.7,2936.15,2939.9,2942.8,2944.05,2939.9,4625880,13700144470.7,3029.0,2220.3,213285,INE002A01018,2024-06-10T12:00:33.708Z,2024-06-10T12:00:33.708Z,0,,2961.63,10-Jun-2024
6662f67e70dfce84002465cc,RELIANCE,EQ,N,2024-06-07,2024-06-06T18:30:00.000Z,2944.0,2853.0,2857.0,2939.9,2931.1,2863.2,9279348,27071000141.85,3029.0,2220.3,344744,INE002A01018,2024-06-07T12:01:02.866Z,2024-06-07T12:01:02.866Z,0,,2917.34,07-Jun-2024
6661a4fef5faf7b3ccbbf50c,RELIANCE,EQ,N,2024-06-06,2024-06-05T18:30:00.000Z,2887.4,2842.7,2870.0,2863.2,2872.0,2841.5,8927861,25537885916.05,3029.0,2220.3,361277,INE002A01018,2024-06-06T12:01:02.870Z,2024-06-06T12:01:02.870Z,0,,2860.47,06-Jun-2024
666053608799bb224ae828f1,RELIANCE,EQ,N,2024-06-05,2024-06-04T18:30:00.000Z,2862.3,2768.2,2844.0,2841.5,2838.85,2794.55,8732445,24637003697.65,3029.0,2220.3,474290,INE002A01018,2024-06-05T12:00:32.850Z,2024-06-05T12:00:32.850Z,0,,2821.32,05-Jun-2024
665f0ae6b216e0d57c8f4d62,RELIANCE,EQ,N,2024-06-04,2024-06-03T18:30:00.000Z,2996.1,2718.6,2996.1,2794.55,2816.45,3020.65,18354549,52141856366.9,3029.0,2220.3,687198,INE002A01018,2024-06-04T12:39:02.572Z,2024-06-04T12:39:02.572Z,0,,2840.81,04-Jun-2024
665db06033504783763454c2,RELIANCE,EQ,N,2024-06-03,2024-06-02T18:30:00.000Z,3029.0,2918.0,2966.0,3020.65,3027.75,2860.8,10763971,32055904968.1,3029.0,2220.3,527552,INE002A01018,2024-06-03T12:00:32.326Z,2024-06-03T12:00:32.326Z,0,,2978.07,03-Jun-2024
6659bbe46060e48c2cd5405f,RELIANCE,EQ,N,2024-05-31,2024-05-30T18:30:00.000Z,2884.5,2844.5,2862.6,2860.8,2859.0,2849.7,15534916,44429352174.1,3024.9,2220.3,291018,INE002A01018,2024-05-31T12:00:36.425Z,2024-05-31T12:00:36.425Z,0,,2859.97,31-May-2024
66586a60d33ab14a4dee5422,RELIANCE,EQ,N,2024-05-30,2024-05-29T18:30:00.000Z,2880.8,2840.2,2871.0,2849.7,2859.1,2881.55,6603429,18843310309.75,3024.9,2220.3,248791,INE002A01018,2024-05-30T12:00:32.906Z,2024-05-30T12:00:32.906Z,0,,2853.56,30-May-2024
665718de8775eedbf00af72b,RELIANCE,EQ,N,2024-05-29,2024-05-28T18:30:00.000Z,2916.0,2876.9,2893.0,2881.55,2881.05,2912.4,3691778,10677649558.6,3024.9,2220.3,166778,INE002A01018,2024-05-29T12:00:30.205Z,2024-05-29T12:00:30.205Z,0,,2892.28,29-May-2024
6655c77ed7f9c48ffd5a70c3,RELIANCE,EQ,N,2024-05-28,2024-05-27T18:30:00.000Z,2957.0,2905.5,2936.0,2912.4,2911.0,2932.5,3910081,11459272719.5,3024.9,2220.3,177899,INE002A01018,2024-05-28T12:01:02.570Z,2024-05-28T12:01:02.570Z,0,,2930.7,28-May-2024
665475fe415b7061c6edff17,RELIANCE,EQ,N,2024-05-27,2024-05-26T18:30:00.000Z,2969.8,2923.1,2960.45,2932.5,2934.9,2960.5,3314505,9758927330.85,3024.9,2220.3,142936,INE002A01018,2024-05-27T12:01:02.839Z,2024-05-27T12:01:02.839Z,0,,2944.31,27-May-2024
6650815e5ee6f2b0431ecce1,RELIANCE,EQ,N,2024-05-24,2024-05-23T18:30:00.000Z,2977.0,2952.2,2967.25,2960.5,2959.0,2972.1,3547388,10510170789.4,3024.9,2220.3,142807,INE002A01018,2024-05-24T12:00:30.404Z,2024-05-24T12:00:30.404Z,0,,2962.79,24-May-2024
664f2fe0ebe528ff4d4ec225,RELIANCE,EQ,N,2024-05-23,2024-05-22T18:30:00.000Z,2984.45,2910.0,2917.1,2972.1,2969.0,2921.3,7304130,21598131626.7,3024.9,2220.3,254418,INE002A01018,2024-05-23T12:00:32.653Z,2024-05-23T12:00:32.653Z,0,,2956.98,23-May-2024
664dde7f16f3600134e7b1be,RELIANCE,EQ,N,2024-05-22,2024-05-21T18:30:00.000Z,2937.55,2872.55,2872.55,2921.3,2921.0,2872.25,5140802,15003755079.7,3024.9,2220.3,241909,INE002A01018,2024-05-22T12:01:03.438Z,2024-05-22T12:01:03.438Z,0,,2918.56,22-May-2024
664c8cff0f8d58219d9e7c6f,RELIANCE,EQ,N,2024-05-21,2024-05-20T18:30:00.000Z,2883.65,2851.2,2851.2,2872.25,2867.95,2869.65,5588064,16022037765.6,3024.9,2220.3,303596,INE002A01018,2024-05-21T12:01:03.065Z,2024-05-21T12:01:03.065Z,0,,2867.19,21-May-2024
6648987e879ff51aa06432a3,RELIANCE,EQ,N,2024-05-18,2024-05-17T18:30:00.000Z,2879.0,2865.4,2875.0,2869.65,2869.5,2871.4,213020,611660842.0,3024.9,2220.3,9456,INE002A01018,2024-05-18T12:01:02.497Z,2024-05-18T12:01:02.497Z,0,,2871.38,18-May-2024
664746e147c43e58a02dcccd,RELIANCE,EQ,N,2024-05-17,2024-05-16T18:30:00.000Z,2874.4,2826.5,2846.1,2871.4,2870.1,2850.7,5458238,15608799277.7,3024.9,2220.3,200677,INE002A01018,2024-05-17T12:00:33.785Z,2024-05-17T12:00:33.785Z,0,,2859.68,17-May-2024
6645f55f29cc17619b5f1e25,RELIANCE,EQ,N,2024-05-16,2024-05-15T18:30:00.000Z,2855.0,2796.05,2837.1,2850.7,2851.0,2832.55,7355887,20819370913.85,3024.9,2220.3,359411,INE002A01018,2024-05-16T12:00:31.993Z,2024-05-16T12:00:31.993Z,0,,2830.3,16-May-2024
6644a3e25a7728d3162c9a16,RELIANCE,EQ,N,2024-05-15,2024-05-14T18:30:00.000Z,2859.95,2826.05,2841.0,2832.55,2831.7,2840.15,2523267,7170975946.2,3024.9,2220.3,147326,INE002A01018,2024-05-15T12:00:34.280Z,2024-05-15T12:00:34.280Z,0,,2841.94,15-May-2024
6643526100502da8b31778e3,RELIANCE,EQ,N,2024-05-14,2024-05-13T18:30:00.000Z,2854.15,2800.05,2801.95,2840.15,2839.0,2805.4,3594150,10187793904.1,3024.9,2220.3,248782,INE002A01018,2024-05-14T12:00:34.007Z,2024-05-14T12:00:34.007Z,0,,2834.55,14-May-2024
664200dea57217ee7a127f20,RELIANCE,EQ,N,2024-05-13,2024-05-12T18:30:00.000Z,2813.95,2768.0,2799.8,2805.4,2805.0,2814.85,4228310,11819208707.95,3024.9,2220.3,200542,INE002A01018,2024-05-13T12:00:30.702Z,2024-05-13T12:00:30.702Z,0,,2795.26,13-May-2024
66aa277e32102a9a6f050b4b,RELIANCE,EQ,N,2024-07-31,2024-07-30T18:30:00.000Z,3020.9,3002.3,3008.0,3010.85,3009.0,3026.3,5028673,15140471169.85,3217.6,2220.3,201961,INE002A01018,2024-07-31T12:01:02.682Z,2024-07-31T12:01:02.682Z,0,,3010.83,31-Jul-2024
66a8d5dc89acd65cb01c46f2,RELIANCE,EQ,N,2024-07-30,2024-07-29T18:30:00.000Z,3050.0,3020.0,3034.05,3026.3,3023.0,3040.2,4114104,12479637390.3,3217.6,2220.3,184296,INE002A01018,2024-07-30T12:00:28.557Z,2024-07-30T12:00:28.557Z,0,,3033.38,30-Jul-2024
66a7845e13f6374e5f34ee41,RELIANCE,EQ,N,2024-07-29,2024-07-28T18:30:00.000Z,3055.0,3023.55,3023.9,3040.2,3038.25,3018.05,3769275,11452661155.4,3217.6,2220.3,170155,INE002A01018,2024-07-29T12:00:30.304Z,2024-07-29T12:00:30.304Z,0,,3038.43,29-Jul-2024
66a38fde1e866e619ff0b826,RELIANCE,EQ,N,2024-07-26,2024-07-25T18:30:00.000Z,3024.85,2980.7,2984.8,3018.05,3018.6,2984.8,4929970,14849480970.8,3217.6,2220.3,180757,INE002A01018,2024-07-26T12:00:30.108Z,2024-07-26T12:00:30.108Z,0,,3012.08,26-Jul-2024
66a23e7fea8cc7f6a7f5acf4,RELIANCE,EQ,N,2024-07-25,2024-07-24T18:30:00.000Z,3000.95,2954.15,2962.0,2984.8,2988.35,2991.4,6259938,18659122151.4,3217.6,2220.3,221753,INE002A01018,2024-07-25T12:01:03.819Z,2024-07-25T12:01:03.819Z,0,,2980.72,25-Jul-2024
66a0ecff7c00c246b7a28fa5,RELIANCE,EQ,N,2024-07-24,2024-07-23T18:30:00.000Z,3019.0,2952.8,2970.0,2991.4,2988.0,2975.8,5956681,17796651407.6,3217.6,2220.3,232120,INE002A01018,2024-07-24T12:01:03.449Z,2024-07-24T12:01:03.449Z,0,,2987.68,24-Jul-2024
669f9b5e61acb77414b3ed2b,RELIANCE,EQ,N,2024-07-23,2024-07-22T18:30:00.000Z,3011.5,2926.0,3002.0,2975.8,2970.05,3001.35,9026022,26803649945.6,3217.6,2220.3,384359,INE002A01018,2024-07-23T12:00:30.478Z,2024-07-23T12:00:30.478Z,0,,2969.6,23-Jul-2024
669e49fef3b8af0c7fd6d0f0,RELIANCE,EQ,N,2024-07-22,2024-07-21T18:30:00.000Z,3075.0,2998.55,3074.5,3001.35,3004.0,3110.3,9837188,29671339998.45,3217.6,2220.3,465224,INE002A01018,2024-07-22T12:01:02.917Z,2024-07-22T12:01:02.917Z,0,,3016.24,22-Jul-2024
669a555d23bb3d30d24c29d0,RELIANCE,EQ,N,2024-07-19,2024-07-18T18:30:00.000Z,3179.95,3105.6,3172.0,3110.3,3116.95,3173.35,6570195,20554178349.45,3217.6,2220.3,213186,INE002A01018,2024-07-19T12:00:29.574Z,2024-07-19T12:00:29.574Z,0,,3128.4,19-Jul-2024
669903def56786bf1ec0806b,RELIANCE,EQ,N,2024-07-18,2024-07-17T18:30:00.000Z,3187.8,3115.65,3152.0,3173.35,3170.6,3152.5,6149187,19403909511.4,3217.6,2220.3,212178,INE002A01018,2024-07-18T12:00:30.615Z,2024-07-18T12:00:30.615Z,0,,3155.52,18-Jul-2024
